-- MariaDB dump 10.19  Distrib 10.6.12-MariaDB, for debian-linux-gnu (x86_64)
--
-- Host: 127.0.0.1    Database: itmo_testtask
-- ------------------------------------------------------
-- Server version	11.1.2-MariaDB-1:11.1.2+maria~ubu2204

/*!40101 SET @OLD_CHARACTER_SET_CLIENT=@@CHARACTER_SET_CLIENT */;
/*!40101 SET @OLD_CHARACTER_SET_RESULTS=@@CHARACTER_SET_RESULTS */;
/*!40101 SET @OLD_COLLATION_CONNECTION=@@COLLATION_CONNECTION */;
/*!40101 SET NAMES utf8mb4 */;
/*!40103 SET @OLD_TIME_ZONE=@@TIME_ZONE */;
/*!40103 SET TIME_ZONE='+00:00' */;
/*!40014 SET @OLD_UNIQUE_CHECKS=@@UNIQUE_CHECKS, UNIQUE_CHECKS=0 */;
/*!40014 SET @OLD_FOREIGN_KEY_CHECKS=@@FOREIGN_KEY_CHECKS, FOREIGN_KEY_CHECKS=0 */;
/*!40101 SET @OLD_SQL_MODE=@@SQL_MODE, SQL_MODE='NO_AUTO_VALUE_ON_ZERO' */;
/*!40111 SET @OLD_SQL_NOTES=@@SQL_NOTES, SQL_NOTES=0 */;

--
-- Table structure for table `author`
--

DROP TABLE IF EXISTS `author`;
/*!40101 SET @saved_cs_client     = @@character_set_client */;
/*!40101 SET character_set_client = utf8 */;
CREATE TABLE `author` (
  `id` int(11) NOT NULL AUTO_INCREMENT,
  `surname` varchar(255) NOT NULL,
  `name` varchar(255) NOT NULL,
  `patronymic` varchar(255) DEFAULT NULL,
  PRIMARY KEY (`id`)
) ENGINE=InnoDB AUTO_INCREMENT=7 DEFAULT CHARSET=utf8mb4 COLLATE=utf8mb4_unicode_ci;
/*!40101 SET character_set_client = @saved_cs_client */;

--
-- Dumping data for table `author`
--

LOCK TABLES `author` WRITE;
/*!40000 ALTER TABLE `author` DISABLE KEYS */;
INSERT INTO `author` VALUES (1,'Нил','Форд',NULL),(2,'Ричардс','Марк',NULL),(3,'Фарли','Дэвид',NULL),(5,'Мартин','Роберт',NULL),(6,'Усов','Василий','Андреевич');
/*!40000 ALTER TABLE `author` ENABLE KEYS */;
UNLOCK TABLES;

--
-- Table structure for table `book`
--

DROP TABLE IF EXISTS `book`;
/*!40101 SET @saved_cs_client     = @@character_set_client */;
/*!40101 SET character_set_client = utf8 */;
CREATE TABLE `book` (
  `id` int(11) NOT NULL AUTO_INCREMENT,
  `title` varchar(255) NOT NULL,
  `year` int(11) NOT NULL,
  `isbn` varchar(13) NOT NULL,
  `pages` int(11) DEFAULT NULL,
  `cover_file_name` varchar(255) DEFAULT NULL,
  PRIMARY KEY (`id`)
) ENGINE=InnoDB AUTO_INCREMENT=16 DEFAULT CHARSET=utf8mb4 COLLATE=utf8mb4_unicode_ci;
/*!40101 SET character_set_client = @saved_cs_client */;

--
-- Dumping data for table `book`
--

LOCK TABLES `book` WRITE;
/*!40000 ALTER TABLE `book` DISABLE KEYS */;
INSERT INTO `book` VALUES (5,'Современная программная инженерия',2023,'9785446123353',500,'44612335-653a4981b97e5-653a867bf372d.jpg'),(7,'Фундаментальный подход к программной архитектуре: паттерны, свойства, проверенные методы',2022,'9785446118427',350,'44611842-653ace5b0e3a5.jpg'),(8,'Чистый код: создание, анализ и рефакторинг',2014,'9785446109609',450,'44610960-653acff5b4cf4.jpg'),(12,'Swift. Основы разработки приложений под iOS и macOS. 4-е изд. дополненное и переработанное',2020,'9785446107766',722,'44610776-653ad0ebd05b6.jpg');
/*!40000 ALTER TABLE `book` ENABLE KEYS */;
UNLOCK TABLES;

--
-- Table structure for table `book_author`
--

DROP TABLE IF EXISTS `book_author`;
/*!40101 SET @saved_cs_client     = @@character_set_client */;
/*!40101 SET character_set_client = utf8 */;
CREATE TABLE `book_author` (
  `book_id` int(11) NOT NULL,
  `author_id` int(11) NOT NULL,
  PRIMARY KEY (`book_id`,`author_id`),
  KEY `IDX_9478D34516A2B381` (`book_id`),
  KEY `IDX_9478D345F675F31B` (`author_id`),
  CONSTRAINT `FK_9478D34516A2B381` FOREIGN KEY (`book_id`) REFERENCES `book` (`id`) ON DELETE CASCADE,
  CONSTRAINT `FK_9478D345F675F31B` FOREIGN KEY (`author_id`) REFERENCES `author` (`id`) ON DELETE CASCADE
) ENGINE=InnoDB DEFAULT CHARSET=utf8mb4 COLLATE=utf8mb4_unicode_ci;
/*!40101 SET character_set_client = @saved_cs_client */;

--
-- Dumping data for table `book_author`
--

LOCK TABLES `book_author` WRITE;
/*!40000 ALTER TABLE `book_author` DISABLE KEYS */;
INSERT INTO `book_author` VALUES (5,3),(7,1),(7,2),(8,5),(12,6);
/*!40000 ALTER TABLE `book_author` ENABLE KEYS */;
UNLOCK TABLES;

--
-- Table structure for table `doctrine_migration_versions`
--

DROP TABLE IF EXISTS `doctrine_migration_versions`;
/*!40101 SET @saved_cs_client     = @@character_set_client */;
/*!40101 SET character_set_client = utf8 */;
CREATE TABLE `doctrine_migration_versions` (
  `version` varchar(191) NOT NULL,
  `executed_at` datetime DEFAULT NULL,
  `execution_time` int(11) DEFAULT NULL,
  PRIMARY KEY (`version`)
) ENGINE=InnoDB DEFAULT CHARSET=utf8mb3 COLLATE=utf8mb3_unicode_ci;
/*!40101 SET character_set_client = @saved_cs_client */;

--
-- Dumping data for table `doctrine_migration_versions`
--

LOCK TABLES `doctrine_migration_versions` WRITE;
/*!40000 ALTER TABLE `doctrine_migration_versions` DISABLE KEYS */;
INSERT INTO `doctrine_migration_versions` VALUES ('DoctrineMigrations\\Version20231021084723','2023-10-21 08:49:35',21),('DoctrineMigrations\\Version20231021120737','2023-10-21 12:08:05',167),('DoctrineMigrations\\Version20231026074016','2023-10-26 07:40:40',16),('DoctrineMigrations\\Version20231026091229','2023-10-26 09:12:51',16);
/*!40000 ALTER TABLE `doctrine_migration_versions` ENABLE KEYS */;
UNLOCK TABLES;
/*!40103 SET TIME_ZONE=@OLD_TIME_ZONE */;

/*!40101 SET SQL_MODE=@OLD_SQL_MODE */;
/*!40014 SET FOREIGN_KEY_CHECKS=@OLD_FOREIGN_KEY_CHECKS */;
/*!40014 SET UNIQUE_CHECKS=@OLD_UNIQUE_CHECKS */;
/*!40101 SET CHARACTER_SET_CLIENT=@OLD_CHARACTER_SET_CLIENT */;
/*!40101 SET CHARACTER_SET_RESULTS=@OLD_CHARACTER_SET_RESULTS */;
/*!40101 SET COLLATION_CONNECTION=@OLD_COLLATION_CONNECTION */;
/*!40111 SET SQL_NOTES=@OLD_SQL_NOTES */;

-- Dump completed on 2023-10-27  0:37:54
